"Category","Topic_Name","Quick_Summary_For_AI","Contact_Phone","Location_Address","Schedule_or_Hours","Pricing_or_Fee","Messenger_AI_Response_Template"
"Platform Information","CD Doctors (HealthBD)","CD Doctors is a Chuadanga-based digital healthcare discovery platform for specialist doctors, hospital chambers, 24/7 ambulances & blood donors.","+880 761-62588","Chuadanga, Khulna, Bangladesh","24/7 Online Service","Free Portal","CD Doctors helps you easily find specialist doctors, hospitals, ambulance contacts, and blood donors across Chuadanga."
"Doctor","Dr. Mahbubur Rahman Chowdhury (Senior Consultant Cardiologist)","Specialist in Senior Consultant Cardiologist (কার্ডিওলজি ও হৃদরোগ বিভাগ). Degrees: MBBS, FCPS (Cardiology), MD (Cardiology). Chamber: Evercare Hospital Chuadanga, Room Block A, 4th Floor, Suite 402. Experience: 18 yrs. Treats: ","+880 1711-209841","Evercare Hospital Chuadanga, Chuadanga","Available Days: শনিবার, রবিবার, সোমবার, মঙ্গলবার, বুধবার, বৃহস্পতিবার | Visiting Hours: Saturday: 16:00 - 20:00 | Sunday: 16:00 - 20:00 | Monday: 16:00 - 20:00 | Tuesday: 16:00 - 20:00 | Wednesday: 16:00 - 20:00 | Thursday: 16:00 - 20:00","1200 ৳","Dr. Mahbubur Rahman Chowdhury (Senior Consultant Cardiologist) sits at Evercare Hospital Chuadanga (Room Block A, 4th Floor, Suite 402) on শনিবার, রবিবার, সোমবার, মঙ্গলবার, বুধবার, বৃহস্পতিবার. Fee: 1200 BDT. Serial Call: +880 1711-209841"
"Doctor","Dr. Selina Parveen (Consultant Gynecologist & Laparoscopic Surgeon)","Specialist in Consultant Gynecologist & Laparoscopic Surgeon (স্ত্রী ও প্রসূতি রোগ বিভাগ). Degrees: MBBS, MS (Gynae & Obs), FCPS. Chamber: Evercare Hospital Chuadanga, Room Chamber #104, Ground Floor. Experience: 14 yrs. Treats: ","+880 1819-332145","Evercare Hospital Chuadanga, Chuadanga","Available Days: শনিবার, রবিবার, সোমবার, মঙ্গলবার, বুধবার, বৃহস্পতিবার | Visiting Hours: Saturday: 16:00 - 20:00 | Sunday: 16:00 - 20:00 | Monday: 16:00 - 20:00 | Tuesday: 16:00 - 20:00 | Wednesday: 16:00 - 20:00 | Thursday: 16:00 - 20:00","1000 ৳","Dr. Selina Parveen (Consultant Gynecologist & Laparoscopic Surgeon) sits at Evercare Hospital Chuadanga (Room Chamber #104, Ground Floor) on শনিবার, রবিবার, সোমবার, মঙ্গলবার, বুধবার, বৃহস্পতিবার. Fee: 1000 BDT. Serial Call: +880 1819-332145"
"Doctor","Dr. Kazi Ariful Haque (Trauma & Joint Replacement Surgeon)","Specialist in Trauma & Joint Replacement Surgeon (অর্থোপেডিক্স ও ট্রমা বিভাগ). Degrees: MBBS, MS (Orthopedics), D-Ortho. Chamber: Evercare Hospital Chuadanga, Room Room #205, 2nd Floor. Experience: 16 yrs. Treats: ","+880 1712-445566","Evercare Hospital Chuadanga, Chuadanga","Available Days: শনিবার, রবিবার, সোমবার, মঙ্গলবার, বুধবার, বৃহস্পতিবার | Visiting Hours: Saturday: 16:00 - 20:00 | Sunday: 16:00 - 20:00 | Monday: 16:00 - 20:00 | Tuesday: 16:00 - 20:00 | Wednesday: 16:00 - 20:00 | Thursday: 16:00 - 20:00","1000 ৳","Dr. Kazi Ariful Haque (Trauma & Joint Replacement Surgeon) sits at Evercare Hospital Chuadanga (Room Room #205, 2nd Floor) on শনিবার, রবিবার, সোমবার, মঙ্গলবার, বুধবার, বৃহস্পতিবার. Fee: 1000 BDT. Serial Call: +880 1712-445566"
"Doctor","Dr. Nuzhat Fatema (Senior Consultant Pediatrician & Neonatologist)","Specialist in Senior Consultant Pediatrician & Neonatologist (শিশু রোগ বিভাগ). Degrees: MBBS, DCH (Pediatrics), FCPS (Paed). Chamber: Evercare Hospital Chuadanga, Room Room #108, Pediatric Outdoor. Experience: 11 yrs. Treats: ","+880 1913-556677","Evercare Hospital Chuadanga, Chuadanga","Available Days: শনিবার, রবিবার, সোমবার, মঙ্গলবার, বুধবার, বৃহস্পতিবার | Visiting Hours: Saturday: 16:00 - 20:00 | Sunday: 16:00 - 20:00 | Monday: 16:00 - 20:00 | Tuesday: 16:00 - 20:00 | Wednesday: 16:00 - 20:00 | Thursday: 16:00 - 20:00","900 ৳","Dr. Nuzhat Fatema (Senior Consultant Pediatrician & Neonatologist) sits at Evercare Hospital Chuadanga (Room Room #108, Pediatric Outdoor) on শনিবার, রবিবার, সোমবার, মঙ্গলবার, বুধবার, বৃহস্পতিবার. Fee: 900 BDT. Serial Call: +880 1913-556677"
"Doctor","Dr. Towhidul Islam (Consultant Neurologist & Stroke Specialist)","Specialist in Consultant Neurologist & Stroke Specialist (নিউরোমেডিসিন ও ব্রেইন সাইন্স বিভাগ). Degrees: MBBS, MD (Neurology), PhD. Chamber: Evercare Hospital Chuadanga, Room Suite #401, 4th Floor. Experience: 15 yrs. Treats: ","+880 1715-667788","Evercare Hospital Chuadanga, Chuadanga","Available Days: শনিবার, রবিবার, সোমবার, মঙ্গলবার, বুধবার, বৃহস্পতিবার | Visiting Hours: Saturday: 16:00 - 20:00 | Sunday: 16:00 - 20:00 | Monday: 16:00 - 20:00 | Tuesday: 16:00 - 20:00 | Wednesday: 16:00 - 20:00 | Thursday: 16:00 - 20:00","1200 ৳","Dr. Towhidul Islam (Consultant Neurologist & Stroke Specialist) sits at Evercare Hospital Chuadanga (Room Suite #401, 4th Floor) on শনিবার, রবিবার, সোমবার, মঙ্গলবার, বুধবার, বৃহস্পতিবার. Fee: 1200 BDT. Serial Call: +880 1715-667788"
"Doctor","Dr. Sharmeen Sultana (Consultant Dermatologist & Laser Specialist)","Specialist in Consultant Dermatologist & Laser Specialist (চর্ম, এলার্জি ও সৌন্দর্য রোগ বিভাগ). Degrees: MBBS, DDV, FCPS (Dermatology). Chamber: Evercare Hospital Chuadanga, Room Chamber #210, 2nd Floor. Experience: 10 yrs. Treats: ","+880 1817-778899","Evercare Hospital Chuadanga, Chuadanga","Available Days: শনিবার, রবিবার, সোমবার, মঙ্গলবার, বুধবার, বৃহস্পতিবার | Visiting Hours: Saturday: 16:00 - 20:00 | Sunday: 16:00 - 20:00 | Monday: 16:00 - 20:00 | Tuesday: 16:00 - 20:00 | Wednesday: 16:00 - 20:00 | Thursday: 16:00 - 20:00","800 ৳","Dr. Sharmeen Sultana (Consultant Dermatologist & Laser Specialist) sits at Evercare Hospital Chuadanga (Room Chamber #210, 2nd Floor) on শনিবার, রবিবার, সোমবার, মঙ্গলবার, বুধবার, বৃহস্পতিবার. Fee: 800 BDT. Serial Call: +880 1817-778899"
"Doctor","Dr. Md. Rafiqul Islam (Senior Consultant Physician & Diabetologist)","Specialist in Senior Consultant Physician & Diabetologist (মেডিসিন ও ডায়াবেটিস বিভাগ). Degrees: MBBS, FCPS (Medicine), MD (Internal Medicine). Chamber: Chuadanga Medical Center, Room Room #101, Main Building. Experience: 20 yrs. Treats: ","+880 1713-112233","Chuadanga Medical Center, Chuadanga","Available Days: শনিবার, রবিবার, সোমবার, মঙ্গলবার, বুধবার, বৃহস্পতিবার | Visiting Hours: Saturday: 16:00 - 20:00 | Sunday: 16:00 - 20:00 | Monday: 16:00 - 20:00 | Tuesday: 16:00 - 20:00 | Wednesday: 16:00 - 20:00 | Thursday: 16:00 - 20:00","1000 ৳","Dr. Md. Rafiqul Islam (Senior Consultant Physician & Diabetologist) sits at Chuadanga Medical Center (Room Room #101, Main Building) on শনিবার, রবিবার, সোমবার, মঙ্গলবার, বুধবার, বৃহস্পতিবার. Fee: 1000 BDT. Serial Call: +880 1713-112233"
"Doctor","Dr. Farida Yasmin (Associate Professor & Gynecologist)","Specialist in Associate Professor & Gynecologist (স্ত্রী ও প্রসূতি রোগ বিভাগ). Degrees: MBBS, DGO, FCPS (Gynae). Chamber: Chuadanga Medical Center, Room Chamber #203, Female Ward Block. Experience: 13 yrs. Treats: ","+880 1814-223344","Chuadanga Medical Center, Chuadanga","Available Days: শনিবার, রবিবার, সোমবার, মঙ্গলবার, বুধবার, বৃহস্পতিবার | Visiting Hours: Saturday: 16:00 - 20:00 | Sunday: 16:00 - 20:00 | Monday: 16:00 - 20:00 | Tuesday: 16:00 - 20:00 | Wednesday: 16:00 - 20:00 | Thursday: 16:00 - 20:00","900 ৳","Dr. Farida Yasmin (Associate Professor & Gynecologist) sits at Chuadanga Medical Center (Room Chamber #203, Female Ward Block) on শনিবার, রবিবার, সোমবার, মঙ্গলবার, বুধবার, বৃহস্পতিবার. Fee: 900 BDT. Serial Call: +880 1814-223344"
"Doctor","Dr. A.H.M. Kamal Hossain (Senior General & Laparoscopic Surgeon)","Specialist in Senior General & Laparoscopic Surgeon (জেনারেল ও ল্যাপারোস্কোপিক সার্জারি বিভাগ). Degrees: MBBS, FCPS (Surgery), MS (General Surgery). Chamber: Chuadanga Medical Center, Room OT Complex, 3rd Floor. Experience: 17 yrs. Treats: ","+880 1716-334455","Chuadanga Medical Center, Chuadanga","Available Days: শনিবার, রবিবার, সোমবার, মঙ্গলবার, বুধবার, বৃহস্পতিবার | Visiting Hours: Saturday: 16:00 - 20:00 | Sunday: 16:00 - 20:00 | Monday: 16:00 - 20:00 | Tuesday: 16:00 - 20:00 | Wednesday: 16:00 - 20:00 | Thursday: 16:00 - 20:00","1100 ৳","Dr. A.H.M. Kamal Hossain (Senior General & Laparoscopic Surgeon) sits at Chuadanga Medical Center (Room OT Complex, 3rd Floor) on শনিবার, রবিবার, সোমবার, মঙ্গলবার, বুধবার, বৃহস্পতিবার. Fee: 1100 BDT. Serial Call: +880 1716-334455"
"Doctor","Dr. Nazmul Huda (ENT Specialist & Micro Ear Surgeon)","Specialist in ENT Specialist & Micro Ear Surgeon (ناک, কান ও গলা রোগ বিভাগ). Degrees: MBBS, MS (ENT), DLO. Chamber: Chuadanga Medical Center, Room Chamber #112, ENT Outdoor. Experience: 12 yrs. Treats: ","+880 1918-445566","Chuadanga Medical Center, Chuadanga","Available Days: শনিবার, রবিবার, সোমবার, মঙ্গলবার, বুধবার, বৃহস্পতিবার | Visiting Hours: Saturday: 16:00 - 20:00 | Sunday: 16:00 - 20:00 | Monday: 16:00 - 20:00 | Tuesday: 16:00 - 20:00 | Wednesday: 16:00 - 20:00 | Thursday: 16:00 - 20:00","800 ৳","Dr. Nazmul Huda (ENT Specialist & Micro Ear Surgeon) sits at Chuadanga Medical Center (Room Chamber #112, ENT Outdoor) on শনিবার, রবিবার, সোমবার, মঙ্গলবার, বুধবার, বৃহস্পতিবার. Fee: 800 BDT. Serial Call: +880 1918-445566"
"Doctor","Dr. Syeda Rawnak Jahan (Eye Specialist & Phaco Surgeon)","Specialist in Eye Specialist & Phaco Surgeon (চক্ষু রোগ বিভাগ). Degrees: MBBS, DO (Eye), FCPS (Ophthalmology). Chamber: Chuadanga Medical Center, Room Eye Clinic, 1st Floor. Experience: 14 yrs. Treats: ","+880 1719-556677","Chuadanga Medical Center, Chuadanga","Available Days: শনিবার, রবিবার, সোমবার, মঙ্গলবার, বুধবার, বৃহস্পতিবার | Visiting Hours: Saturday: 16:00 - 20:00 | Sunday: 16:00 - 20:00 | Monday: 16:00 - 20:00 | Tuesday: 16:00 - 20:00 | Wednesday: 16:00 - 20:00 | Thursday: 16:00 - 20:00","800 ৳","Dr. Syeda Rawnak Jahan (Eye Specialist & Phaco Surgeon) sits at Chuadanga Medical Center (Room Eye Clinic, 1st Floor) on শনিবার, রবিবার, সোমবার, মঙ্গলবার, বুধবার, বৃহস্পতিবার. Fee: 800 BDT. Serial Call: +880 1719-556677"
"Doctor","Dr. Md. Moniruzzaman (Consultant Urologist & Andrologist)","Specialist in Consultant Urologist & Andrologist (ইউরোলজি ও কিডনি সার্জারি বিভাগ). Degrees: MBBS, MS (Urology). Chamber: Chuadanga Medical Center, Room Room #305, Urology Dept. Experience: 15 yrs. Treats: ","+880 1812-667788","Chuadanga Medical Center, Chuadanga","Available Days: শনিবার, রবিবার, সোমবার, মঙ্গলবার, বুধবার, বৃহস্পতিবার | Visiting Hours: Saturday: 16:00 - 20:00 | Sunday: 16:00 - 20:00 | Monday: 16:00 - 20:00 | Tuesday: 16:00 - 20:00 | Wednesday: 16:00 - 20:00 | Thursday: 16:00 - 20:00","1000 ৳","Dr. Md. Moniruzzaman (Consultant Urologist & Andrologist) sits at Chuadanga Medical Center (Room Room #305, Urology Dept) on শনিবার, রবিবার, সোমবার, মঙ্গলবার, বুধবার, বৃহস্পতিবার. Fee: 1000 BDT. Serial Call: +880 1812-667788"
"Doctor","Dr. Sheikh Asaduzzaman (Senior Gastroenterologist & Endoscopist)","Specialist in Senior Gastroenterologist & Endoscopist (গ্যাস্ট্রোএন্টারোলজি ও লিভার বিভাগ). Degrees: MBBS, MD (Gastroenterology). Chamber: Chuadanga Specialized Hospital, Room Suite #201, 2nd Floor. Experience: 16 yrs. Treats: ","+880 1714-998877","Chuadanga Specialized Hospital, Chuadanga","Available Days: শনিবার, রবিবার, সোমবার, মঙ্গলবার, বুধবার, বৃহস্পতিবার | Visiting Hours: Saturday: 16:00 - 20:00 | Sunday: 16:00 - 20:00 | Monday: 16:00 - 20:00 | Tuesday: 16:00 - 20:00 | Wednesday: 16:00 - 20:00 | Thursday: 16:00 - 20:00","1100 ৳","Dr. Sheikh Asaduzzaman (Senior Gastroenterologist & Endoscopist) sits at Chuadanga Specialized Hospital (Room Suite #201, 2nd Floor) on শনিবার, রবিবার, সোমবার, মঙ্গলবার, বুধবার, বৃহস্পতিবার. Fee: 1100 BDT. Serial Call: +880 1714-998877"
"Doctor","Dr. Afroza Begum (Child & Adolescent Specialist)","Specialist in Child & Adolescent Specialist (শিশু রোগ বিভাগ). Degrees: MBBS, FCPS (Pediatrics), DCH. Chamber: Chuadanga Specialized Hospital, Room Room #105, Child Care Unit. Experience: 12 yrs. Treats: ","+880 1815-887766","Chuadanga Specialized Hospital, Chuadanga","Available Days: শনিবার, রবিবার, সোমবার, মঙ্গলবার, বুধবার, বৃহস্পতিবার | Visiting Hours: Saturday: 16:00 - 20:00 | Sunday: 16:00 - 20:00 | Monday: 16:00 - 20:00 | Tuesday: 16:00 - 20:00 | Wednesday: 16:00 - 20:00 | Thursday: 16:00 - 20:00","800 ৳","Dr. Afroza Begum (Child & Adolescent Specialist) sits at Chuadanga Specialized Hospital (Room Room #105, Child Care Unit) on শনিবার, রবিবার, সোমবার, মঙ্গলবার, বুধবার, বৃহস্পতিবার. Fee: 800 BDT. Serial Call: +880 1815-887766"
"Doctor","Dr. Md. Zakir Hossain (Spine & Bone Joint Specialist)","Specialist in Spine & Bone Joint Specialist (অর্থোপেডিক্স ও স্পাইন বিভাগ). Degrees: MBBS, MS (Ortho), Fellow Spine Surgery. Chamber: Chuadanga Specialized Hospital, Room Chamber #302, 3rd Floor. Experience: 15 yrs. Treats: ","+880 1711-776655","Chuadanga Specialized Hospital, Chuadanga","Available Days: শনিবার, রবিবার, সোমবার, মঙ্গলবার, বুধবার, বৃহস্পতিবার | Visiting Hours: Saturday: 16:00 - 20:00 | Sunday: 16:00 - 20:00 | Monday: 16:00 - 20:00 | Tuesday: 16:00 - 20:00 | Wednesday: 16:00 - 20:00 | Thursday: 16:00 - 20:00","1000 ৳","Dr. Md. Zakir Hossain (Spine & Bone Joint Specialist) sits at Chuadanga Specialized Hospital (Room Chamber #302, 3rd Floor) on শনিবার, রবিবার, সোমবার, মঙ্গলবার, বুধবার, বৃহস্পতিবার. Fee: 1000 BDT. Serial Call: +880 1711-776655"
"Doctor","Dr. Rehana Chowdhury (Infertility & Gynae Specialist)","Specialist in Infertility & Gynae Specialist (স্ত্রী রোগ ও বন্ধ্যাত্ব চিকিৎসা বিভাগ). Degrees: MBBS, MS (Gynae), Fellow IVF. Chamber: Chuadanga Specialized Hospital, Room Room #102, Ground Floor. Experience: 11 yrs. Treats: ","+880 1916-665544","Chuadanga Specialized Hospital, Chuadanga","Available Days: শনিবার, রবিবার, সোমবার, মঙ্গলবার, বুধবার, বৃহস্পতিবার | Visiting Hours: Saturday: 16:00 - 20:00 | Sunday: 16:00 - 20:00 | Monday: 16:00 - 20:00 | Tuesday: 16:00 - 20:00 | Wednesday: 16:00 - 20:00 | Thursday: 16:00 - 20:00","900 ৳","Dr. Rehana Chowdhury (Infertility & Gynae Specialist) sits at Chuadanga Specialized Hospital (Room Room #102, Ground Floor) on শনিবার, রবিবার, সোমবার, মঙ্গলবার, বুধবার, বৃহস্পতিবার. Fee: 900 BDT. Serial Call: +880 1916-665544"
"Doctor","Dr. Md. Enamul Kabir (Pulmonologist & Chest Specialist)","Specialist in Pulmonologist & Chest Specialist (বক্ষব্যাধি ও অ্যাজমা বিভাগ). Degrees: MBBS, DTCD, MD (Chest Medicine). Chamber: Chuadanga Specialized Hospital, Room Room #204, 2nd Floor. Experience: 13 yrs. Treats: ","+880 1718-554433","Chuadanga Specialized Hospital, Chuadanga","Available Days: শনিবার, রবিবার, সোমবার, মঙ্গলবার, বুধবার, বৃহস্পতিবার | Visiting Hours: Saturday: 16:00 - 20:00 | Sunday: 16:00 - 20:00 | Monday: 16:00 - 20:00 | Tuesday: 16:00 - 20:00 | Wednesday: 16:00 - 20:00 | Thursday: 16:00 - 20:00","900 ৳","Dr. Md. Enamul Kabir (Pulmonologist & Chest Specialist) sits at Chuadanga Specialized Hospital (Room Room #204, 2nd Floor) on শনিবার, রবিবার, সোমবার, মঙ্গলবার, বুধবার, বৃহস্পতিবার. Fee: 900 BDT. Serial Call: +880 1718-554433"
"Doctor","Dr. Shahriar Ahmed (Consultant Nephrologist)","Specialist in Consultant Nephrologist (নেফ্রোলজি ও কিডনি রোগ বিভাগ). Degrees: MBBS, MD (Nephrology). Chamber: Chuadanga Specialized Hospital, Room Kidney Dialysis Unit, 4th Floor. Experience: 10 yrs. Treats: ","+880 1819-443322","Chuadanga Specialized Hospital, Chuadanga","Available Days: শনিবার, রবিবার, সোমবার, মঙ্গলবার, বুধবার, বৃহস্পতিবার | Visiting Hours: Saturday: 16:00 - 20:00 | Sunday: 16:00 - 20:00 | Monday: 16:00 - 20:00 | Tuesday: 16:00 - 20:00 | Wednesday: 16:00 - 20:00 | Thursday: 16:00 - 20:00","1000 ৳","Dr. Shahriar Ahmed (Consultant Nephrologist) sits at Chuadanga Specialized Hospital (Room Kidney Dialysis Unit, 4th Floor) on শনিবার, রবিবার, সোমবার, মঙ্গলবার, বুধবার, বৃহস্পতিবার. Fee: 1000 BDT. Serial Call: +880 1819-443322"
"Doctor","Dr. Md. Motiur Rahman (Diabetologist & General Physician)","Specialist in Diabetologist & General Physician (মেডিসিন ও ডায়াবেটিস বিভাগ). Degrees: MBBS, CCD (BIRDEM), PGT (Medicine). Chamber: Alamdanga Health Care Clinic, Room Room #101, Outdoor Chamber. Experience: 14 yrs. Treats: ","+880 1712-332211","Alamdanga Health Care Clinic, Chuadanga","Available Days: শনিবার, রবিবার, সোমবার, মঙ্গলবার, বুধবার, বৃহস্পতিবার | Visiting Hours: Saturday: 16:00 - 20:00 | Sunday: 16:00 - 20:00 | Monday: 16:00 - 20:00 | Tuesday: 16:00 - 20:00 | Wednesday: 16:00 - 20:00 | Thursday: 16:00 - 20:00","700 ৳","Dr. Md. Motiur Rahman (Diabetologist & General Physician) sits at Alamdanga Health Care Clinic (Room Room #101, Outdoor Chamber) on শনিবার, রবিবার, সোমবার, মঙ্গলবার, বুধবার, বৃহস্পতিবার. Fee: 700 BDT. Serial Call: +880 1712-332211"
"Doctor","Dr. Tahmina Akter (Maternal & Women Health Specialist)","Specialist in Maternal & Women Health Specialist (স্ত্রী ও প্রসূতি সেবা বিভাগ). Degrees: MBBS, DGO (Gynae). Chamber: Alamdanga Health Care Clinic, Room Room #103, Maternity Block. Experience: 10 yrs. Treats: ","+880 1813-221100","Alamdanga Health Care Clinic, Chuadanga","Available Days: শনিবার, রবিবার, সোমবার, মঙ্গলবার, বুধবার, বৃহস্পতিবার | Visiting Hours: Saturday: 16:00 - 20:00 | Sunday: 16:00 - 20:00 | Monday: 16:00 - 20:00 | Tuesday: 16:00 - 20:00 | Wednesday: 16:00 - 20:00 | Thursday: 16:00 - 20:00","700 ৳","Dr. Tahmina Akter (Maternal & Women Health Specialist) sits at Alamdanga Health Care Clinic (Room Room #103, Maternity Block) on শনিবার, রবিবার, সোমবার, মঙ্গলবার, বুধবার, বৃহস্পতিবার. Fee: 700 BDT. Serial Call: +880 1813-221100"
"Doctor","Dr. Md. Saiful Islam (Pediatrician & Child Health Specialist)","Specialist in Pediatrician & Child Health Specialist (শিশু স্বাস্থ্য বিভাগ). Degrees: MBBS, DCH (Child Health). Chamber: Alamdanga Health Care Clinic, Room Room #102, Child Outdoor. Experience: 9 yrs. Treats: ","+880 1914-110099","Alamdanga Health Care Clinic, Chuadanga","Available Days: শনিবার, রবিবার, সোমবার, মঙ্গলবার, বুধবার, বৃহস্পতিবার | Visiting Hours: Saturday: 16:00 - 20:00 | Sunday: 16:00 - 20:00 | Monday: 16:00 - 20:00 | Tuesday: 16:00 - 20:00 | Wednesday: 16:00 - 20:00 | Thursday: 16:00 - 20:00","700 ৳","Dr. Md. Saiful Islam (Pediatrician & Child Health Specialist) sits at Alamdanga Health Care Clinic (Room Room #102, Child Outdoor) on শনিবার, রবিবার, সোমবার, মঙ্গলবার, বুধবার, বৃহস্পতিবার. Fee: 700 BDT. Serial Call: +880 1914-110099"
"Doctor","Dr. Golam Sarwar (Consultant General Surgeon)","Specialist in Consultant General Surgeon (জেনারেল সার্জারি বিভাগ). Degrees: MBBS, FCPS (Surgery). Chamber: Alamdanga Health Care Clinic, Room Minor OT Room, 1st Floor. Experience: 12 yrs. Treats: ","+880 1715-009988","Alamdanga Health Care Clinic, Chuadanga","Available Days: শনিবার, রবিবার, সোমবার, মঙ্গলবার, বুধবার, বৃহস্পতিবার | Visiting Hours: Saturday: 16:00 - 20:00 | Sunday: 16:00 - 20:00 | Monday: 16:00 - 20:00 | Tuesday: 16:00 - 20:00 | Wednesday: 16:00 - 20:00 | Thursday: 16:00 - 20:00","800 ৳","Dr. Golam Sarwar (Consultant General Surgeon) sits at Alamdanga Health Care Clinic (Room Minor OT Room, 1st Floor) on শনিবার, রবিবার, সোমবার, মঙ্গলবার, বুধবার, বৃহস্পতিবার. Fee: 800 BDT. Serial Call: +880 1715-009988"
"Doctor","Dr. Rumana Parvin (Physiotherapy & Pain Specialist)","Specialist in Physiotherapy & Pain Specialist (ফিজিকেল মেডিসিন ও পেইন কেয়ার বিভাগ). Degrees: MBBS, FCPS (Physical Medicine). Chamber: Alamdanga Health Care Clinic, Room Physiotherapy Unit, Ground Floor. Experience: 11 yrs. Treats: ","+880 1816-998877","Alamdanga Health Care Clinic, Chuadanga","Available Days: শনিবার, রবিবার, সোমবার, মঙ্গলবার, বুধবার, বৃহস্পতিবার | Visiting Hours: Saturday: 16:00 - 20:00 | Sunday: 16:00 - 20:00 | Monday: 16:00 - 20:00 | Tuesday: 16:00 - 20:00 | Wednesday: 16:00 - 20:00 | Thursday: 16:00 - 20:00","800 ৳","Dr. Rumana Parvin (Physiotherapy & Pain Specialist) sits at Alamdanga Health Care Clinic (Room Physiotherapy Unit, Ground Floor) on শনিবার, রবিবার, সোমবার, মঙ্গলবার, বুধবার, বৃহস্পতিবার. Fee: 800 BDT. Serial Call: +880 1816-998877"
"Doctor","Dr. Md. Imran Hossain (Dental Surgeon & Implantologist)","Specialist in Dental Surgeon & Implantologist (ডেন্টাল ও মুখরোগ বিভাগ). Degrees: BDS, MS (Oral Surgery). Chamber: Alamdanga Health Care Clinic, Room Dental Dental Clinic Room. Experience: 8 yrs. Treats: ","+880 1717-887766","Alamdanga Health Care Clinic, Chuadanga","Available Days: শনিবার, রবিবার, সোমবার, মঙ্গলবার, বুধবার, বৃহস্পতিবার | Visiting Hours: Saturday: 16:00 - 20:00 | Sunday: 16:00 - 20:00 | Monday: 16:00 - 20:00 | Tuesday: 16:00 - 20:00 | Wednesday: 16:00 - 20:00 | Thursday: 16:00 - 20:00","600 ৳","Dr. Md. Imran Hossain (Dental Surgeon & Implantologist) sits at Alamdanga Health Care Clinic (Room Dental Dental Clinic Room) on শনিবার, রবিবার, সোমবার, মঙ্গলবার, বুধবার, বৃহস্পতিবার. Fee: 600 BDT. Serial Call: +880 1717-887766"
"Doctor","Dr. A.K.M. Fazlul Haque (Consultant Cardiologist)","Specialist in Consultant Cardiologist (কার্ডিওলজি ও রক্তনালী বিভাগ). Degrees: MBBS, D-Card, MD (Cardiology). Chamber: Damurhuda Digital Hospital & Diagnostic, Room Chamber #101, Main Block. Experience: 15 yrs. Treats: ","+880 1711-665544","Damurhuda Digital Hospital & Diagnostic, Chuadanga","Available Days: শনিবার, রবিবার, সোমবার, মঙ্গলবার, বুধবার, বৃহস্পতিবার | Visiting Hours: Saturday: 16:00 - 20:00 | Sunday: 16:00 - 20:00 | Monday: 16:00 - 20:00 | Tuesday: 16:00 - 20:00 | Wednesday: 16:00 - 20:00 | Thursday: 16:00 - 20:00","900 ৳","Dr. A.K.M. Fazlul Haque (Consultant Cardiologist) sits at Damurhuda Digital Hospital & Diagnostic (Room Chamber #101, Main Block) on শনিবার, রবিবার, সোমবার, মঙ্গলবার, বুধবার, বৃহস্পতিবার. Fee: 900 BDT. Serial Call: +880 1711-665544"
"Doctor","Dr. Sayeeda Sultana (Consultant Gynecologist & Obstetrician)","Specialist in Consultant Gynecologist & Obstetrician (স্ত্রী রোগ ও নারী স্বাস্থ্য বিভাগ). Degrees: MBBS, MS (Gynae & Obs). Chamber: Damurhuda Digital Hospital & Diagnostic, Room Chamber #102, Ground Floor. Experience: 11 yrs. Treats: ","+880 1812-554433","Damurhuda Digital Hospital & Diagnostic, Chuadanga","Available Days: শনিবার, রবিবার, সোমবার, মঙ্গলবার, বুধবার, বৃহস্পতিবার | Visiting Hours: Saturday: 16:00 - 20:00 | Sunday: 16:00 - 20:00 | Monday: 16:00 - 20:00 | Tuesday: 16:00 - 20:00 | Wednesday: 16:00 - 20:00 | Thursday: 16:00 - 20:00","800 ৳","Dr. Sayeeda Sultana (Consultant Gynecologist & Obstetrician) sits at Damurhuda Digital Hospital & Diagnostic (Room Chamber #102, Ground Floor) on শনিবার, রবিবার, সোমবার, মঙ্গলবার, বুধবার, বৃহস্পতিবার. Fee: 800 BDT. Serial Call: +880 1812-554433"
"Doctor","Dr. Md. Tariq Hasan (Hormone & Diabetes Specialist)","Specialist in Hormone & Diabetes Specialist (ডায়াবেটিস ও হরমোন বিভাগ). Degrees: MBBS, MD (Endocrinology). Chamber: Damurhuda Digital Hospital & Diagnostic, Room Chamber #201, 2nd Floor. Experience: 12 yrs. Treats: ","+880 1913-443322","Damurhuda Digital Hospital & Diagnostic, Chuadanga","Available Days: শনিবার, রবিবার, সোমবার, মঙ্গলবার, বুধবার, বৃহস্পতিবার | Visiting Hours: Saturday: 16:00 - 20:00 | Sunday: 16:00 - 20:00 | Monday: 16:00 - 20:00 | Tuesday: 16:00 - 20:00 | Wednesday: 16:00 - 20:00 | Thursday: 16:00 - 20:00","900 ৳","Dr. Md. Tariq Hasan (Hormone & Diabetes Specialist) sits at Damurhuda Digital Hospital & Diagnostic (Room Chamber #201, 2nd Floor) on শনিবার, রবিবার, সোমবার, মঙ্গলবার, বুধবার, বৃহস্পতিবার. Fee: 900 BDT. Serial Call: +880 1913-443322"
"Doctor","Dr. Nazma Akter (Child Specialist)","Specialist in Child Specialist (শিশু রোগ বিভাগ). Degrees: MBBS, DCH (Pediatrics). Chamber: Damurhuda Digital Hospital & Diagnostic, Room Room #104, Pediatric Section. Experience: 9 yrs. Treats: ","+880 1714-332211","Damurhuda Digital Hospital & Diagnostic, Chuadanga","Available Days: শনিবার, রবিবার, সোমবার, মঙ্গলবার, বুধবার, বৃহস্পতিবার | Visiting Hours: Saturday: 16:00 - 20:00 | Sunday: 16:00 - 20:00 | Monday: 16:00 - 20:00 | Tuesday: 16:00 - 20:00 | Wednesday: 16:00 - 20:00 | Thursday: 16:00 - 20:00","700 ৳","Dr. Nazma Akter (Child Specialist) sits at Damurhuda Digital Hospital & Diagnostic (Room Room #104, Pediatric Section) on শনিবার, রবিবার, সোমবার, মঙ্গলবার, বুধবার, বৃহস্পতিবার. Fee: 700 BDT. Serial Call: +880 1714-332211"
"Doctor","Dr. Md. Babul Akhter (Bone & Joint Fracture Specialist)","Specialist in Bone & Joint Fracture Specialist (অর্থোপেডিক্স ও হাড়জোড় বিভাগ). Degrees: MBBS, D-Ortho. Chamber: Damurhuda Digital Hospital & Diagnostic, Room Room #203, Ortho Block. Experience: 13 yrs. Treats: ","+880 1815-221100","Damurhuda Digital Hospital & Diagnostic, Chuadanga","Available Days: শনিবার, রবিবার, সোমবার, মঙ্গলবার, বুধবার, বৃহস্পতিবার | Visiting Hours: Saturday: 16:00 - 20:00 | Sunday: 16:00 - 20:00 | Monday: 16:00 - 20:00 | Tuesday: 16:00 - 20:00 | Wednesday: 16:00 - 20:00 | Thursday: 16:00 - 20:00","800 ৳","Dr. Md. Babul Akhter (Bone & Joint Fracture Specialist) sits at Damurhuda Digital Hospital & Diagnostic (Room Room #203, Ortho Block) on শনিবার, রবিবার, সোমবার, মঙ্গলবার, বুধবার, বৃহস্পতিবার. Fee: 800 BDT. Serial Call: +880 1815-221100"
"Doctor","Dr. Fahmida Rahman (Skin & Allergy Specialist)","Specialist in Skin & Allergy Specialist (চর্ম ও এলার্জি বিভাগ). Degrees: MBBS, DDV (Dermatology). Chamber: Damurhuda Digital Hospital & Diagnostic, Room Room #106, Outdoor Clinic. Experience: 10 yrs. Treats: ","+880 1916-110099","Damurhuda Digital Hospital & Diagnostic, Chuadanga","Available Days: শনিবার, রবিবার, সোমবার, মঙ্গলবার, বুধবার, বৃহস্পতিবার | Visiting Hours: Saturday: 16:00 - 20:00 | Sunday: 16:00 - 20:00 | Monday: 16:00 - 20:00 | Tuesday: 16:00 - 20:00 | Wednesday: 16:00 - 20:00 | Thursday: 16:00 - 20:00","700 ৳","Dr. Fahmida Rahman (Skin & Allergy Specialist) sits at Damurhuda Digital Hospital & Diagnostic (Room Room #106, Outdoor Clinic) on শনিবার, রবিবার, সোমবার, মঙ্গলবার, বুধবার, বৃহস্পতিবার. Fee: 700 BDT. Serial Call: +880 1916-110099"
"Hospital / Clinic","Evercare Hospital Chuadanga","Type: Super Specialty Hospital. Facilities: 24 Hours Pharmacy, 24/7 Emergency & Trauma Center, Digital Radiology & MRI, ICU & CCU Intensive Support, Outdoor Specialist Chamber. Total Departments: 6. Description: Evercare Hospital Chuadanga is a 470-bed multi-disciplinary super-specialty tertiary care hospital in Chuadanga District featuring state-of-the-art emergency care, 24/7 ICU support, advanced cath lab, and international standard surgical suites.","Phone: +880 761-62588 | Emergency: 10663","Station Road, Chuadanga Sadar, Chuadanga, Chuadanga","24/7 Emergency & OPD Services","Hospital Service / Test Rates","Evercare Hospital Chuadanga is located at Station Road, Chuadanga Sadar, Chuadanga. Phone: +880 761-62588, Emergency: 10663. Facilities: 24 Hours Pharmacy, 24/7 Emergency & Trauma Center, Digital Radiology & MRI, ICU & CCU Intensive Support, Outdoor Specialist Chamber"
"Hospital / Clinic","Chuadanga Medical Center","Type: Private Hospital. Facilities: 24 Hours Pharmacy, 24/7 Emergency & Trauma Center, Digital Radiology & MRI, ICU & CCU Intensive Support, Outdoor Specialist Chamber. Total Departments: 6. Description: Chuadanga Medical Center is one of the premier private hospitals in Chuadanga Sadar, offering expert specialist outdoor chambers, 24/7 diagnostic labs, maternity care, and emergency cardiac support.","Phone: +880 761-63105 | Emergency: +880 761-63106","Court Road, Chuadanga Sadar, Chuadanga, Chuadanga","24/7 Emergency & OPD Services","Hospital Service / Test Rates","Chuadanga Medical Center is located at Court Road, Chuadanga Sadar, Chuadanga. Phone: +880 761-63105, Emergency: +880 761-63106. Facilities: 24 Hours Pharmacy, 24/7 Emergency & Trauma Center, Digital Radiology & MRI, ICU & CCU Intensive Support, Outdoor Specialist Chamber"
"Hospital / Clinic","Chuadanga Specialized Hospital","Type: Private Hospital. Facilities: 24 Hours Pharmacy, 24/7 Emergency & Trauma Center, Digital Radiology & MRI, ICU & CCU Intensive Support, Outdoor Specialist Chamber. Total Departments: 6. Description: Chuadanga Specialized Hospital provides comprehensive outdoor doctor chambers, general surgery, pediatric care, and emergency ambulance services across Chuadanga District.","Phone: +880 761-62201 | Emergency: +880 761-62202","Hospital Road, Chuadanga Sadar, Chuadanga, Chuadanga","24/7 Emergency & OPD Services","Hospital Service / Test Rates","Chuadanga Specialized Hospital is located at Hospital Road, Chuadanga Sadar, Chuadanga. Phone: +880 761-62201, Emergency: +880 761-62202. Facilities: 24 Hours Pharmacy, 24/7 Emergency & Trauma Center, Digital Radiology & MRI, ICU & CCU Intensive Support, Outdoor Specialist Chamber"
"Hospital / Clinic","Alamdanga Health Care Clinic","Type: Clinic. Facilities: 24 Hours Pharmacy, 24/7 Emergency & Trauma Center, Digital Radiology & MRI, ICU & CCU Intensive Support, Outdoor Specialist Chamber. Total Departments: 6. Description: Alamdanga Health Care Clinic offers expert doctor consultation, digital X-Ray, diagnostic pathology, and 24-hour emergency care for Alamdanga Upazila residents.","Phone: +880 7622-56120 | Emergency: +880 7622-56121","Station Para, Alamdanga, Chuadanga, Chuadanga","24/7 Emergency & OPD Services","Hospital Service / Test Rates","Alamdanga Health Care Clinic is located at Station Para, Alamdanga, Chuadanga. Phone: +880 7622-56120, Emergency: +880 7622-56121. Facilities: 24 Hours Pharmacy, 24/7 Emergency & Trauma Center, Digital Radiology & MRI, ICU & CCU Intensive Support, Outdoor Specialist Chamber"
"Hospital / Clinic","Damurhuda Digital Hospital & Diagnostic","Type: Diagnostic Center. Facilities: 24 Hours Pharmacy, 24/7 Emergency & Trauma Center, Digital Radiology & MRI, ICU & CCU Intensive Support, Outdoor Specialist Chamber. Total Departments: 6. Description: Modern diagnostic center & specialized consultation hospital serving Damurhuda and Darshana border areas with advanced ultrasonography and outdoor chambers.","Phone: +880 7623-44109 | Emergency: +880 7623-44110","Munshiganj Bazar, Damurhuda, Chuadanga, Chuadanga","24/7 Emergency & OPD Services","Hospital Service / Test Rates","Damurhuda Digital Hospital & Diagnostic is located at Munshiganj Bazar, Damurhuda, Chuadanga. Phone: +880 7623-44109, Emergency: +880 7623-44110. Facilities: 24 Hours Pharmacy, 24/7 Emergency & Trauma Center, Digital Radiology & MRI, ICU & CCU Intensive Support, Outdoor Specialist Chamber"
"Emergency Helpline / Ambulance","চুয়াডাঙ্গা সদর হাসপাতাল জরুরি বিভাগ","২৪ ঘণ্টা জরুরি চিকিৎসা ও অ্যাম্বুলেন্স সেবা (Badge: 24/7 Emergency)","01711000000","Chuadanga / Bangladesh","24/7 Available",,"For চুয়াডাঙ্গা সদর হাসপাতাল জরুরি বিভাগ, immediately call: 01711000000 (Available 24/7)."
"Emergency Helpline / Ambulance","জাতীয় জরুরি সেবা","পুলিশ, ফায়ার সার্ভিস ও অ্যাম্বুলেন্স সেবা (Badge: National Helpline)","999","Chuadanga / Bangladesh","24/7 Available",,"For জাতীয় জরুরি সেবা, immediately call: 999 (Available 24/7)."
"Emergency Helpline / Ambulance","চুয়াডাঙ্গা ফায়ার সার্ভিস ও সিভিল ডিফেন্স","জরুরি আগুন ও উদ্ধার সেবা (Badge: Fire & Rescue)","01730000000","Chuadanga / Bangladesh","24/7 Available",,"For চুয়াডাঙ্গা ফায়ার সার্ভিস ও সিভিল ডিফেন্স, immediately call: 01730000000 (Available 24/7)."
"Blood Donor","Anik Chowdhury (B-)","Blood Group: B-, Age: 24, Area: Alamdanga, Address: Alamdanga Railway Station, Status: available","01777889900","Alamdanga, Alamdanga Railway Station","Available for donation","Free (Voluntary Donation)","Blood Donor: Anik Chowdhury (B-) in Alamdanga. Phone: 01777889900. Status: available."
"Blood Donor","Mehedi Hasan Babu (A-)","Blood Group: A-, Age: 27, Area: Chuadanga Sadar, Address: Vatala, Chuadanga Sadar, Status: unavailable","01666778899","Chuadanga Sadar, Vatala, Chuadanga Sadar","Unavailable","Free (Voluntary Donation)","Blood Donor: Mehedi Hasan Babu (A-) in Chuadanga Sadar. Phone: 01666778899. Status: unavailable."
"Blood Donor","Sharmin Akter (O-)","Blood Group: O-, Age: 25, Area: Chuadanga Sadar, Address: Hospital Road, Chuadanga Sadar, Status: available","01855667788","Chuadanga Sadar, Hospital Road, Chuadanga Sadar","Available for donation","Free (Voluntary Donation)","Blood Donor: Sharmin Akter (O-) in Chuadanga Sadar. Phone: 01855667788. Status: available."
"Blood Donor","Kazi Mahfuzur Rahman (AB+)","Blood Group: AB+, Age: 32, Area: Jibannagar, Address: Bus Stand Area, Jibannagar, Status: available","01744556677","Jibannagar, Bus Stand Area, Jibannagar","Available for donation","Free (Voluntary Donation)","Blood Donor: Kazi Mahfuzur Rahman (AB+) in Jibannagar. Phone: 01744556677. Status: available."
"Blood Donor","Tanvir Ahmed Shuvo (B+)","Blood Group: B+, Age: 29, Area: Damurhuda, Address: Munshiganj Bazar, Damurhuda, Status: available","01933445566","Damurhuda, Munshiganj Bazar, Damurhuda","Available for donation","Free (Voluntary Donation)","Blood Donor: Tanvir Ahmed Shuvo (B+) in Damurhuda. Phone: 01933445566. Status: available."
"Blood Donor","Sabrina Yeasmin (A+)","Blood Group: A+, Age: 23, Area: Alamdanga, Address: Station Para, Alamdanga, Status: available","01822334455","Alamdanga, Station Para, Alamdanga","Available for donation","Free (Voluntary Donation)","Blood Donor: Sabrina Yeasmin (A+) in Alamdanga. Phone: 01822334455. Status: available."
"Blood Donor","Md. Rakibul Hasan (O+)","Blood Group: O+, Age: 26, Area: Chuadanga Sadar, Address: Court Road, Chuadanga Sadar, Status: available","01711223344","Chuadanga Sadar, Court Road, Chuadanga Sadar","Available for donation","Free (Voluntary Donation)","Blood Donor: Md. Rakibul Hasan (O+) in Chuadanga Sadar. Phone: 01711223344. Status: available."